Prj_ID,Trt_ID,init_date_est,comp_date_est,Trt_Type_Major,Trt_Type_Sub,Treatment_Type,TrtPolyID
25824,73351,1990-03-27,1990-04-03,Prescribed Burn,Prescribed Burn,Prescribed Burn,30398
25825,73352,1990-09-29,1990-10-06,Prescribed Burn,Prescribed Burn,Prescribed Burn,30399
25826,73353,1991-09-16,1992-11-16,Prescribed Burn,Prescribed Burn,Prescribed Burn,30400
25827,73354,1996-10-05,1996-10-12,Prescribed Burn,Prescribed Burn,Prescribed Burn,30401
25828,73355,1997-05-05,1997-05-12,Prescribed Burn,Prescribed Burn,Prescribed Burn,30402
25829,73356,1997-08-28,1997-09-29,Prescribed Burn,Prescribed Burn,Prescribed Burn,30403
25830,73357,1997-06-23,1997-06-30,Prescribed Burn,Prescribed Burn,Prescribed Burn,30404
25831,73358,1997-09-28,1997-01-01,Prescribed Burn,Prescribed Burn,Prescribed Burn,30405
25832,73359,1997-09-09,1997-09-12,Prescribed Burn,Prescribed Burn,Prescribed Burn,30406
25833,73360,1997-10-14,1997-10-14,Prescribed Burn,Prescribed Burn,Prescribed Burn,30407
25834,73361,1998-07-14,1998-07-21,Prescribed Burn,Prescribed Burn,Prescribed Burn,30408
25835,73362,1998-10-10,1998-10-11,Prescribed Burn,Prescribed Burn,Prescribed Burn,30409
25836,73363,1998-07-10,1998-07-17,Prescribed Burn,Prescribed Burn,Prescribed Burn,30410
25837,73364,1998-07-03,2001-01-03,Prescribed Burn,Prescribed Burn,Prescribed Burn,30411
25838,73365,1998-02-09,1998-02-16,Prescribed Burn,Prescribed Burn,Prescribed Burn,30412
25839,73366,1998-04-21,1998-04-28,Prescribed Burn,Prescribed Burn,Prescribed Burn,30413
25840,73367,1999-09-14,1999-09-20,Prescribed Burn,Prescribed Burn,Prescribed Burn,30414
25841,73368,1999-08-24,1999-08-31,Prescribed Burn,Prescribed Burn,Prescribed Burn,30415
25842,73369,1999-09-13,1999-09-30,Prescribed Burn,Prescribed Burn,Prescribed Burn,30416
25843,73370,1999-09-15,1999-09-22,Prescribed Burn,Prescribed Burn,Prescribed Burn,30417
25844,73371,1999-09-10,1999-01-01,Prescribed Burn,Prescribed Burn,Prescribed Burn,30418
25845,73372,1999-06-11,1999-06-18,Prescribed Burn,Prescribed Burn,Prescribed Burn,30419
25846,73373,1999-09-19,1999-09-26,Prescribed Burn,Prescribed Burn,Prescribed Burn,30420
25847,73374,1999-09-13,1999-09-20,Prescribed Burn,Prescribed Burn,Prescribed Burn,30421
25848,73375,2000-09-26,2000-09-25,Prescribed Burn,Prescribed Burn,Prescribed Burn,30422
25849,73376,2001-09-28,2001-10-05,Prescribed Burn,Prescribed Burn,Prescribed Burn,30423
25850,73377,2001-05-28,2001-06-04,Prescribed Burn,Prescribed Burn,Prescribed Burn,30424
25851,73378,2001-06-28,2001-07-05,Prescribed Burn,Prescribed Burn,Prescribed Burn,30425
25852,73379,2001-10-06,2001-10-21,Prescribed Burn,Prescribed Burn,Prescribed Burn,30426
25853,73380,2001-06-02,2001-06-09,Prescribed Burn,Prescribed Burn,Prescribed Burn,30427
25854,73381,2001-04-30,2001-05-09,Prescribed Burn,Prescribed Burn,Prescribed Burn,30428
25855,73382,2001-02-26,2001-02-28,Prescribed Burn,Prescribed Burn,Prescribed Burn,30429
25856,73383,2001-10-15,2001-10-22,Prescribed Burn,Prescribed Burn,Prescribed Burn,30430
25857,73384,2001-10-25,2001-10-26,Prescribed Burn,Prescribed Burn,Prescribed Burn,30431
25858,73385,2002-09-10,2002-01-01,Prescribed Burn,Prescribed Burn,Prescribed Burn,30432
25859,73386,2002-09-11,2002-01-01,Prescribed Burn,Prescribed Burn,Prescribed Burn,30433
25860,73387,2002-10-20,2002-10-23,Prescribed Burn,Prescribed Burn,Prescribed Burn,30434
25861,73388,2003-05-30,2003-06-20,Prescribed Burn,Prescribed Burn,Prescribed Burn,30435
25862,73389,2003-09-29,2003-09-29,Prescribed Burn,Prescribed Burn,Prescribed Burn,30436
25863,73390,2003-09-29,2003-09-29,Prescribed Burn,Prescribed Burn,Prescribed Burn,30437
25864,73391,2004-07-26,2004-01-01,Prescribed Burn,Prescribed Burn,Prescribed Burn,30438
25865,73392,2004-07-15,2004-07-25,Prescribed Burn,Prescribed Burn,Prescribed Burn,30439
25866,73393,2004-06-01,2004-06-08,Prescribed Burn,Prescribed Burn,Prescribed Burn,30440
25867,73394,2004-09-08,2004-09-15,Prescribed Burn,Prescribed Burn,Prescribed Burn,30441
25868,73395,2004-04-07,2004-04-14,Prescribed Burn,Prescribed Burn,Prescribed Burn,30442
25869,73396,2004-03-23,2004-01-01,Prescribed Burn,Prescribed Burn,Prescribed Burn,30443
25870,73397,2005-05-19,2005-05-26,Prescribed Burn,Prescribed Burn,Prescribed Burn,30444
25871,73398,2005-08-21,2005-09-20,Prescribed Burn,Prescribed Burn,Prescribed Burn,30445
25872,73399,2005-05-02,2005-05-09,Prescribed Burn,Prescribed Burn,Prescribed Burn,30446
25873,73400,2006-10-03,2006-10-14,Prescribed Burn,Prescribed Burn,Prescribed Burn,30447
25874,73401,2006-10-11,2006-10-18,Prescribed Burn,Prescribed Burn,Prescribed Burn,30448
25875,73402,2007-09-05,2007-09-12,Prescribed Burn,Prescribed Burn,Prescribed Burn,30449
25876,73403,2007-09-15,2007-09-22,Prescribed Burn,Prescribed Burn,Prescribed Burn,30450
25877,73404,2007-02-05,2007-02-12,Prescribed Burn,Prescribed Burn,Prescribed Burn,30451
25878,73405,2007-06-08,2007-06-15,Prescribed Burn,Prescribed Burn,Prescribed Burn,30452
25879,73406,2007-06-06,2007-06-13,Prescribed Burn,Prescribed Burn,Prescribed Burn,30453
25880,73407,2008-04-07,2008-04-14,Prescribed Burn,Prescribed Burn,Prescribed Burn,30454
25881,73408,2008-09-02,2008-09-06,Prescribed Burn,Prescribed Burn,Prescribed Burn,30455
25882,73409,2008-06-04,2008-06-11,Prescribed Burn,Prescribed Burn,Prescribed Burn,30456
25883,73410,2008-09-06,2008-09-10,Prescribed Burn,Prescribed Burn,Prescribed Burn,30457
25884,73411,2008-06-06,2008-06-13,Prescribed Burn,Prescribed Burn,Prescribed Burn,30458
25885,73412,2009-09-15,2009-10-01,Prescribed Burn,Prescribed Burn,Prescribed Burn,30459
25886,73413,2009-04-22,2009-04-23,Prescribed Burn,Prescribed Burn,Prescribed Burn,30460
25887,73414,2009-06-28,2009-07-05,Prescribed Burn,Prescribed Burn,Prescribed Burn,30461
25888,73415,2009-06-09,2009-06-16,Prescribed Burn,Prescribed Burn,Prescribed Burn,30462
25889,73416,2010-09-27,2010-09-01,Prescribed Burn,Prescribed Burn,Prescribed Burn,30463
25890,73417,2010-06-15,2010-06-16,Prescribed Burn,Prescribed Burn,Prescribed Burn,30464
25891,73418,2010-10-12,2010-11-01,Prescribed Burn,Prescribed Burn,Prescribed Burn,30465
25892,73419,2010-05-13,2010-05-15,Prescribed Burn,Prescribed Burn,Prescribed Burn,30466
25893,73420,2011-07-18,2011-07-18,Prescribed Burn,Prescribed Burn,Prescribed Burn,30467
25894,73421,2011-02-21,2011-03-14,Prescribed Burn,Prescribed Burn,Prescribed Burn,30468
25895,73422,2011-07-26,2011-08-02,Prescribed Burn,Prescribed Burn,Prescribed Burn,30469
25896,73423,2013-04-23,2013-05-15,Prescribed Burn,Prescribed Burn,Prescribed Burn,30470
25897,73424,2014-09-13,2014-01-15,Prescribed Burn,Prescribed Burn,Prescribed Burn,30471
25898,73425,2014-04-21,2014-04-28,Prescribed Burn,Prescribed Burn,Prescribed Burn,30472
25899,73426,2015-04-09,2015-04-28,Prescribed Burn,Prescribed Burn,Prescribed Burn,30473
25900,73427,2016-10-01,2016-11-15,Prescribed Burn,Prescribed Burn,Prescribed Burn,30474
25901,73428,2016-07-28,2016-07-28,Prescribed Burn,Prescribed Burn,Prescribed Burn,30475
25902,73429,2018-05-03,2018-05-17,Prescribed Burn,Prescribed Burn,Prescribed Burn,30476
25903,73430,2019-09-09,2019-09-22,Prescribed Burn,Prescribed Burn,Prescribed Burn,30477
25904,73431,2019-05-11,2019-05-14,Prescribed Burn,Prescribed Burn,Prescribed Burn,30478
25905,73432,2019-04-25,2019-05-02,Prescribed Burn,Prescribed Burn,Prescribed Burn,30479
25906,73433,2019-03-19,2019-03-20,Prescribed Burn,Prescribed Burn,Prescribed Burn,30480
25907,73434,1944-09-01,1944-12-31,Prescribed Burn,Prescribed Burn,Prescribed Burn,30481
25908,73435,1951-10-29,1951-11-05,Prescribed Burn,Prescribed Burn,Prescribed Burn,30482
25909,73436,1953-08-11,1953-12-31,Prescribed Burn,Prescribed Burn,Prescribed Burn,30483
25910,73437,1953-09-08,1953-09-09,Prescribed Burn,Prescribed Burn,Prescribed Burn,30484
25911,73438,1957-11-07,1958-04-25,Prescribed Burn,Prescribed Burn,Prescribed Burn,30485
25912,73439,1958-11-15,1959-03-15,Prescribed Burn,Prescribed Burn,Prescribed Burn,30486
25913,73440,1958-07-25,1958-10-01,Prescribed Burn,Prescribed Burn,Prescribed Burn,30487
25914,73441,1959-08-12,1960-08-08,Prescribed Burn,Prescribed Burn,Prescribed Burn,30488
25915,73442,1963-09-27,1963-01-01,Prescribed Burn,Prescribed Burn,Prescribed Burn,30489
25916,73443,1971-09-01,1971-12-31,Prescribed Burn,Prescribed Burn,Prescribed Burn,30490
25917,73444,1977-09-01,1977-12-31,Prescribed Burn,Prescribed Burn,Prescribed Burn,30491
25918,73445,1979-12-25,1980-01-01,Prescribed Burn,Prescribed Burn,Prescribed Burn,30492
25919,73446,1979-12-25,1980-01-01,Prescribed Burn,Prescribed Burn,Prescribed Burn,30493
25920,73447,1980-09-02,1980-09-04,Prescribed Burn,Prescribed Burn,Prescribed Burn,30494
25921,73448,1980-09-01,1980-12-31,Prescribed Burn,Prescribed Burn,Prescribed Burn,30495
25922,73449,1981-09-03,1981-09-04,Prescribed Burn,Prescribed Burn,Prescribed Burn,30496
25923,73450,1981-08-10,1981-08-12,Prescribed Burn,Prescribed Burn,Prescribed Burn,30497
25924,73451,1981-09-01,1981-12-31,Prescribed Burn,Prescribed Burn,Prescribed Burn,30498
25925,73452,1981-10-01,1981-10-02,Prescribed Burn,Prescribed Burn,Prescribed Burn,30499
25926,73453,1981-08-13,1981-08-13,Prescribed Burn,Prescribed Burn,Prescribed Burn,30500
25927,73454,1982-09-01,1982-12-31,Prescribed Burn,Prescribed Burn,Prescribed Burn,30501
25928,73455,1982-09-01,1982-12-31,Prescribed Burn,Prescribed Burn,Prescribed Burn,30502
25929,73456,1982-10-07,1982-10-07,Prescribed Burn,Prescribed Burn,Prescribed Burn,30503
25930,73457,1983-09-01,1983-12-31,Prescribed Burn,Prescribed Burn,Prescribed Burn,30504
25931,73458,1983-09-01,1983-12-31,Prescribed Burn,Prescribed Burn,Prescribed Burn,30505
25932,73459,1983-12-09,1983-12-16,Prescribed Burn,Prescribed Burn,Prescribed Burn,30506
25933,73460,1983-08-12,1983-08-24,Prescribed Burn,Prescribed Burn,Prescribed Burn,30507
25934,73461,1982-12-25,1983-01-01,Prescribed Burn,Prescribed Burn,Prescribed Burn,30508
25935,73462,1983-09-01,1983-12-31,Prescribed Burn,Prescribed Burn,Prescribed Burn,30509
25936,73463,1983-07-14,1983-07-15,Prescribed Burn,Prescribed Burn,Prescribed Burn,30510
25937,73464,1983-09-01,1983-12-31,Prescribed Burn,Prescribed Burn,Prescribed Burn,30511
25938,73465,1983-08-12,1983-09-13,Prescribed Burn,Prescribed Burn,Prescribed Burn,30512
25939,73466,1983-09-01,1983-12-31,Prescribed Burn,Prescribed Burn,Prescribed Burn,30513
25940,73467,1984-09-01,1984-12-31,Prescribed Burn,Prescribed Burn,Prescribed Burn,30514
25941,73468,1984-09-01,1984-12-31,Prescribed Burn,Prescribed Burn,Prescribed Burn,30515
25942,73469,1984-09-01,1984-12-31,Prescribed Burn,Prescribed Burn,Prescribed Burn,30516
25943,73470,1984-01-01,1984-01-01,Prescribed Burn,Prescribed Burn,Prescribed Burn,30517
25944,73471,1984-08-09,1984-08-09,Prescribed Burn,Prescribed Burn,Prescribed Burn,30518
25945,73472,1984-07-19,1984-07-20,Prescribed Burn,Prescribed Burn,Prescribed Burn,30519
25946,73473,1984-09-01,1984-12-31,Prescribed Burn,Prescribed Burn,Prescribed Burn,30520
25947,73474,1984-08-15,1984-08-23,Prescribed Burn,Prescribed Burn,Prescribed Burn,30521
25948,73475,1984-09-19,1984-09-19,Prescribed Burn,Prescribed Burn,Prescribed Burn,30522
25949,73476,1984-08-02,1984-08-12,Prescribed Burn,Prescribed Burn,Prescribed Burn,30523
25950,73477,1984-09-01,1984-12-31,Prescribed Burn,Prescribed Burn,Prescribed Burn,30524
25951,73478,1985-01-01,1985-01-01,Prescribed Burn,Prescribed Burn,Prescribed Burn,30525
25952,73479,1985-09-01,1985-12-31,Prescribed Burn,Prescribed Burn,Prescribed Burn,30526
25953,73480,1985-04-09,1985-04-09,Prescribed Burn,Prescribed Burn,Prescribed Burn,30527
25954,73481,1985-04-10,1985-04-12,Prescribed Burn,Prescribed Burn,Prescribed Burn,30528
25955,73482,1985-09-01,1985-12-31,Prescribed Burn,Prescribed Burn,Prescribed Burn,30529
25956,73483,1985-09-01,1985-12-31,Prescribed Burn,Prescribed Burn,Prescribed Burn,30530
25957,73484,1985-09-01,1985-12-31,Prescribed Burn,Prescribed Burn,Prescribed Burn,30531
25958,73485,1985-04-15,1985-04-15,Prescribed Burn,Prescribed Burn,Prescribed Burn,30532
25959,73486,1985-10-21,1985-10-22,Prescribed Burn,Prescribed Burn,Prescribed Burn,30533
25960,73487,1985-09-01,1985-12-31,Prescribed Burn,Prescribed Burn,Prescribed Burn,30534
25961,73488,1985-03-30,1985-03-30,Prescribed Burn,Prescribed Burn,Prescribed Burn,30535
25962,73489,1985-09-30,1985-10-07,Prescribed Burn,Prescribed Burn,Prescribed Burn,30536
25963,73490,1986-09-03,1986-09-06,Prescribed Burn,Prescribed Burn,Prescribed Burn,30537
25964,73491,1986-01-01,1986-01-01,Prescribed Burn,Prescribed Burn,Prescribed Burn,30538
25965,73492,1986-07-01,1986-07-01,Prescribed Burn,Prescribed Burn,Prescribed Burn,30539
25966,73493,1987-09-01,1987-12-31,Prescribed Burn,Prescribed Burn,Prescribed Burn,30540
25967,73494,1987-09-01,1987-12-31,Prescribed Burn,Prescribed Burn,Prescribed Burn,30541
25968,73495,1987-09-01,1987-12-31,Prescribed Burn,Prescribed Burn,Prescribed Burn,30542
25969,73496,1988-09-25,1988-10-02,Prescribed Burn,Prescribed Burn,Prescribed Burn,30543
25970,73497,1987-08-13,1987-09-08,Prescribed Burn,Prescribed Burn,Prescribed Burn,30544
25971,73498,1987-09-01,1987-11-05,Prescribed Burn,Prescribed Burn,Prescribed Burn,30545
25972,73499,1987-08-11,1987-08-11,Prescribed Burn,Prescribed Burn,Prescribed Burn,30546
25973,73500,1987-04-23,1987-04-23,Prescribed Burn,Prescribed Burn,Prescribed Burn,30547
25974,73501,1987-05-07,1987-05-08,Prescribed Burn,Prescribed Burn,Prescribed Burn,30548
25975,73502,1987-01-01,1987-01-01,Prescribed Burn,Prescribed Burn,Prescribed Burn,30549
25976,73503,1989-04-04,1989-04-07,Prescribed Burn,Prescribed Burn,Prescribed Burn,30550
25977,73504,1989-01-01,1989-01-01,Prescribed Burn,Prescribed Burn,Prescribed Burn,30551
25978,73505,1988-12-25,1989-01-01,Prescribed Burn,Prescribed Burn,Prescribed Burn,30552
25979,73506,1989-09-01,1989-12-31,Prescribed Burn,Prescribed Burn,Prescribed Burn,30553
25980,73507,1989-09-04,1989-09-04,Prescribed Burn,Prescribed Burn,Prescribed Burn,30554
25981,73508,1990-09-06,1991-09-13,Prescribed Burn,Prescribed Burn,Prescribed Burn,30555
25982,73509,1992-09-15,1992-09-22,Prescribed Burn,Prescribed Burn,Prescribed Burn,30556
25983,73510,1990-01-01,1990-01-01,Prescribed Burn,Prescribed Burn,Prescribed Burn,30557
25984,73511,1991-09-01,1991-12-31,Prescribed Burn,Prescribed Burn,Prescribed Burn,30558
25985,73512,1991-10-07,1991-10-09,Prescribed Burn,Prescribed Burn,Prescribed Burn,30559
25986,73513,1991-09-01,1991-12-31,Prescribed Burn,Prescribed Burn,Prescribed Burn,30560
25987,73514,1991-12-24,1991-12-31,Prescribed Burn,Prescribed Burn,Prescribed Burn,30561
25988,73515,1991-09-27,1991-10-03,Prescribed Burn,Prescribed Burn,Prescribed Burn,30562
25989,73516,1992-01-01,1992-01-01,Prescribed Burn,Prescribed Burn,Prescribed Burn,30563
25990,73517,1993-09-01,1993-12-31,Prescribed Burn,Prescribed Burn,Prescribed Burn,30564
25991,73518,1993-09-01,1993-12-31,Prescribed Burn,Prescribed Burn,Prescribed Burn,30565
25992,73519,1993-04-28,1993-04-28,Prescribed Burn,Prescribed Burn,Prescribed Burn,30566
25993,73520,1993-09-08,1993-09-10,Prescribed Burn,Prescribed Burn,Prescribed Burn,30567
25994,73521,1993-09-01,1993-12-31,Prescribed Burn,Prescribed Burn,Prescribed Burn,30568
25995,73522,1993-09-01,1993-12-31,Prescribed Burn,Prescribed Burn,Prescribed Burn,30569
25996,73523,1993-09-01,1993-12-31,Prescribed Burn,Prescribed Burn,Prescribed Burn,30570
25997,73524,1993-09-01,1993-12-31,Prescribed Burn,Prescribed Burn,Prescribed Burn,30571
25998,73525,1993-09-01,1993-12-31,Prescribed Burn,Prescribed Burn,Prescribed Burn,30572
25999,73526,1993-04-10,1993-04-10,Prescribed Burn,Prescribed Burn,Prescribed Burn,30573
26000,73527,1993-08-20,1998-10-27,Prescribed Burn,Prescribed Burn,Prescribed Burn,30574
26001,73528,1993-09-01,1993-12-31,Prescribed Burn,Prescribed Burn,Prescribed Burn,30575
26002,73529,1994-04-02,1994-09-24,Prescribed Burn,Prescribed Burn,Prescribed Burn,30576
26003,73530,1995-04-26,1995-06-14,Prescribed Burn,Prescribed Burn,Prescribed Burn,30577
26004,73531,1995-04-01,1995-09-13,Prescribed Burn,Prescribed Burn,Prescribed Burn,30578
26005,73532,1995-03-20,1995-03-20,Prescribed Burn,Prescribed Burn,Prescribed Burn,30579
26006,73533,1995-10-28,1995-11-04,Prescribed Burn,Prescribed Burn,Prescribed Burn,30580
26007,73534,1995-08-29,1995-10-11,Prescribed Burn,Prescribed Burn,Prescribed Burn,30581
26008,73535,1996-09-01,1996-12-31,Prescribed Burn,Prescribed Burn,Prescribed Burn,30582
26009,73536,1996-09-23,1996-09-23,Prescribed Burn,Prescribed Burn,Prescribed Burn,30583
26010,73537,1997-09-01,1997-12-31,Prescribed Burn,Prescribed Burn,Prescribed Burn,30584
26011,73538,1997-09-01,1997-12-31,Prescribed Burn,Prescribed Burn,Prescribed Burn,30585
26012,73539,1998-10-15,1998-10-15,Prescribed Burn,Prescribed Burn,Prescribed Burn,30586
26013,73540,1998-05-08,1998-05-11,Prescribed Burn,Prescribed Burn,Prescribed Burn,30587
26014,73541,1998-09-01,1998-12-31,Prescribed Burn,Prescribed Burn,Prescribed Burn,30588
26015,73542,1998-09-22,1999-03-23,Prescribed Burn,Prescribed Burn,Prescribed Burn,30589
26016,73543,1998-09-25,1998-09-25,Prescribed Burn,Prescribed Burn,Prescribed Burn,30590
26017,73544,1998-09-01,1998-12-31,Prescribed Burn,Prescribed Burn,Prescribed Burn,30591
26018,73545,1998-09-01,1998-12-31,Prescribed Burn,Prescribed Burn,Prescribed Burn,30592
26019,73546,1999-09-22,1999-09-22,Prescribed Burn,Prescribed Burn,Prescribed Burn,30593
26020,73547,1999-07-22,1999-09-23,Prescribed Burn,Prescribed Burn,Prescribed Burn,30594
26021,73548,1999-10-07,1999-10-10,Prescribed Burn,Prescribed Burn,Prescribed Burn,30595
26022,73549,1999-09-09,1999-09-30,Prescribed Burn,Prescribed Burn,Prescribed Burn,30596
26023,73550,1999-04-15,1999-04-15,Prescribed Burn,Prescribed Burn,Prescribed Burn,30597
26024,73551,2000-03-17,2004-10-12,Prescribed Burn,Prescribed Burn,Prescribed Burn,30598
26025,73552,2000-03-13,2000-03-13,Prescribed Burn,Prescribed Burn,Prescribed Burn,30599
26026,73553,2001-03-20,2001-03-21,Prescribed Burn,Prescribed Burn,Prescribed Burn,30600
26027,73554,2001-09-01,2001-12-31,Prescribed Burn,Prescribed Burn,Prescribed Burn,30601
26028,73555,2002-09-16,2002-09-16,Prescribed Burn,Prescribed Burn,Prescribed Burn,30602
26029,73556,2002-09-23,2002-09-23,Prescribed Burn,Prescribed Burn,Prescribed Burn,30603
26030,73557,2002-09-01,2002-12-31,Prescribed Burn,Prescribed Burn,Prescribed Burn,30604
26031,73558,2002-03-04,2002-03-04,Prescribed Burn,Prescribed Burn,Prescribed Burn,30605
26032,73559,2002-07-15,2002-10-01,Prescribed Burn,Prescribed Burn,Prescribed Burn,30606
26033,73560,2002-03-05,2002-03-05,Prescribed Burn,Prescribed Burn,Prescribed Burn,30607
26034,73561,2003-05-08,2003-05-08,Prescribed Burn,Prescribed Burn,Prescribed Burn,30608
26035,73562,2003-05-14,2003-05-20,Prescribed Burn,Prescribed Burn,Prescribed Burn,30609
26036,73563,2004-09-01,2004-12-31,Prescribed Burn,Prescribed Burn,Prescribed Burn,30610
26037,73564,2004-11-01,2005-06-29,Prescribed Burn,Prescribed Burn,Prescribed Burn,30611
26038,73565,2004-08-08,2004-08-14,Prescribed Burn,Prescribed Burn,Prescribed Burn,30612
26039,73566,2004-02-24,2004-09-17,Prescribed Burn,Prescribed Burn,Prescribed Burn,30613
26040,73567,2004-05-01,2004-05-01,Prescribed Burn,Prescribed Burn,Prescribed Burn,30614
26041,73568,2004-04-29,2004-04-29,Prescribed Burn,Prescribed Burn,Prescribed Burn,30615
26042,73569,2005-09-24,2005-10-01,Prescribed Burn,Prescribed Burn,Prescribed Burn,30616
26043,73570,2005-06-20,2005-06-22,Prescribed Burn,Prescribed Burn,Prescribed Burn,30617
26044,73571,2005-05-29,2005-06-05,Prescribed Burn,Prescribed Burn,Prescribed Burn,30618
26045,73572,2005-04-07,2005-05-05,Prescribed Burn,Prescribed Burn,Prescribed Burn,30619
26046,73573,2005-05-09,2005-05-19,Prescribed Burn,Prescribed Burn,Prescribed Burn,30620
26047,73574,2005-10-02,2005-10-02,Prescribed Burn,Prescribed Burn,Prescribed Burn,30621
26049,73576,2005-09-20,2005-09-20,Prescribed Burn,Prescribed Burn,Prescribed Burn,30623
26050,73577,2005-10-19,2005-10-26,Prescribed Burn,Prescribed Burn,Prescribed Burn,30624
26051,73578,2006-05-09,2006-05-13,Prescribed Burn,Prescribed Burn,Prescribed Burn,30625
26052,73579,2006-09-01,2006-12-31,Prescribed Burn,Prescribed Burn,Prescribed Burn,30626
26053,73580,2006-10-01,2006-10-01,Prescribed Burn,Prescribed Burn,Prescribed Burn,30627
26054,73581,2006-04-14,2006-04-15,Prescribed Burn,Prescribed Burn,Prescribed Burn,30628
26055,73582,2006-11-08,2007-03-12,Prescribed Burn,Prescribed Burn,Prescribed Burn,30629
26056,73583,2006-09-28,2006-09-28,Prescribed Burn,Prescribed Burn,Prescribed Burn,30630
26057,73584,2007-09-15,2008-06-29,Prescribed Burn,Prescribed Burn,Prescribed Burn,30631
26058,73585,2007-04-02,2007-06-15,Prescribed Burn,Prescribed Burn,Prescribed Burn,30632
26059,73586,2007-04-20,2007-05-10,Prescribed Burn,Prescribed Burn,Prescribed Burn,30633
26060,73587,2007-10-15,2007-10-17,Prescribed Burn,Prescribed Burn,Prescribed Burn,30634
26061,73588,2007-09-01,2007-12-31,Prescribed Burn,Prescribed Burn,Prescribed Burn,30635
26062,73589,2007-09-27,2007-09-28,Prescribed Burn,Prescribed Burn,Prescribed Burn,30636
26063,73590,2007-09-01,2007-12-31,Prescribed Burn,Prescribed Burn,Prescribed Burn,30637
26064,73591,2007-09-01,2007-12-31,Prescribed Burn,Prescribed Burn,Prescribed Burn,30638
26065,73592,2007-11-05,2007-11-10,Prescribed Burn,Prescribed Burn,Prescribed Burn,30639
26066,73593,2007-11-01,2007-11-01,Prescribed Burn,Prescribed Burn,Prescribed Burn,30640
26067,73594,2007-10-09,2007-10-31,Prescribed Burn,Prescribed Burn,Prescribed Burn,30641
26068,73595,2007-03-16,2007-03-23,Prescribed Burn,Prescribed Burn,Prescribed Burn,30642
26069,73596,2008-09-08,2008-09-15,Prescribed Burn,Prescribed Burn,Prescribed Burn,30643
26070,73597,2008-10-03,2008-10-10,Prescribed Burn,Prescribed Burn,Prescribed Burn,30644
26071,73598,2008-10-17,2010-09-14,Prescribed Burn,Prescribed Burn,Prescribed Burn,30645
26073,73600,2009-10-01,2009-11-30,Prescribed Burn,Prescribed Burn,Prescribed Burn,30647
26074,73601,2009-11-05,2010-09-13,Prescribed Burn,Prescribed Burn,Prescribed Burn,30648
26075,73602,2009-04-22,2009-04-22,Prescribed Burn,Prescribed Burn,Prescribed Burn,30649
26076,73603,2009-10-29,2009-11-05,Prescribed Burn,Prescribed Burn,Prescribed Burn,30650
26077,73604,2009-10-07,2009-10-09,Prescribed Burn,Prescribed Burn,Prescribed Burn,30651
26078,73605,2009-11-08,2009-11-09,Prescribed Burn,Prescribed Burn,Prescribed Burn,30652
26079,73606,2010-06-22,2010-06-28,Prescribed Burn,Prescribed Burn,Prescribed Burn,30653
26080,73607,2010-06-27,2010-07-03,Prescribed Burn,Prescribed Burn,Prescribed Burn,30654
26081,73608,2010-10-01,2010-10-01,Prescribed Burn,Prescribed Burn,Prescribed Burn,30655
26082,73609,2010-07-14,2010-07-19,Prescribed Burn,Prescribed Burn,Prescribed Burn,30656
26083,73610,2010-08-25,2010-08-26,Prescribed Burn,Prescribed Burn,Prescribed Burn,30657
26084,73611,2010-09-14,2010-09-15,Prescribed Burn,Prescribed Burn,Prescribed Burn,30658
26085,73612,2010-01-21,2010-03-25,Prescribed Burn,Prescribed Burn,Prescribed Burn,30659
26087,73614,2010-09-07,2010-09-07,Prescribed Burn,Prescribed Burn,Prescribed Burn,30661
26088,73615,2010-07-14,2010-07-20,Prescribed Burn,Prescribed Burn,Prescribed Burn,30662
26089,73616,2010-06-05,2010-06-05,Prescribed Burn,Prescribed Burn,Prescribed Burn,30663
26090,73617,2010-04-19,2010-05-28,Prescribed Burn,Prescribed Burn,Prescribed Burn,30664
26091,73618,2010-11-04,2010-11-05,Prescribed Burn,Prescribed Burn,Prescribed Burn,30665
26093,73620,2010-03-08,2010-04-06,Prescribed Burn,Prescribed Burn,Prescribed Burn,30667
26094,73621,2010-04-20,2010-09-06,Prescribed Burn,Prescribed Burn,Prescribed Burn,30668
26095,73622,2010-02-08,2010-02-08,Prescribed Burn,Prescribed Burn,Prescribed Burn,30669
26096,73623,2011-05-05,2012-05-08,Prescribed Burn,Prescribed Burn,Prescribed Burn,30670
26097,73624,2011-08-19,2011-08-26,Prescribed Burn,Prescribed Burn,Prescribed Burn,30671
26098,73625,2011-10-26,2012-09-14,Prescribed Burn,Prescribed Burn,Prescribed Burn,30672
26099,73626,2011-09-02,2011-09-10,Prescribed Burn,Prescribed Burn,Prescribed Burn,30673
26100,73627,2011-10-14,2011-10-15,Prescribed Burn,Prescribed Burn,Prescribed Burn,30674
26101,73628,2011-06-27,2011-07-31,Prescribed Burn,Prescribed Burn,Prescribed Burn,30675
26102,73629,2011-03-28,2011-11-29,Prescribed Burn,Prescribed Burn,Prescribed Burn,30676
26103,73630,2011-03-01,2011-04-01,Prescribed Burn,Prescribed Burn,Prescribed Burn,30677
26104,73631,2011-03-15,2013-07-18,Prescribed Burn,Prescribed Burn,Prescribed Burn,30678
26105,73632,2011-04-01,2011-05-31,Prescribed Burn,Prescribed Burn,Prescribed Burn,30679
26106,73633,2011-09-27,2011-09-28,Prescribed Burn,Prescribed Burn,Prescribed Burn,30680
26108,73635,2011-10-01,2011-10-15,Prescribed Burn,Prescribed Burn,Prescribed Burn,30682
26109,73636,2011-10-17,2011-10-28,Prescribed Burn,Prescribed Burn,Prescribed Burn,30683
26110,73637,2011-02-11,2011-02-12,Prescribed Burn,Prescribed Burn,Prescribed Burn,30684
26112,73639,2012-04-09,2012-04-24,Prescribed Burn,Prescribed Burn,Prescribed Burn,30686
26113,73640,2012-02-24,2012-03-05,Prescribed Burn,Prescribed Burn,Prescribed Burn,30687
26114,73641,2012-04-18,2012-04-24,Prescribed Burn,Prescribed Burn,Prescribed Burn,30688
26115,73642,2012-10-01,2013-05-31,Prescribed Burn,Prescribed Burn,Prescribed Burn,30689
26117,73644,2012-05-03,2012-05-10,Prescribed Burn,Prescribed Burn,Prescribed Burn,30691
26118,73645,2012-12-05,2012-12-12,Prescribed Burn,Prescribed Burn,Prescribed Burn,30692
26119,73646,2013-04-10,2013-04-14,Prescribed Burn,Prescribed Burn,Prescribed Burn,30693
26120,73647,2013-01-07,2014-05-30,Prescribed Burn,Prescribed Burn,Prescribed Burn,30694
26121,73648,2013-03-11,2013-03-12,Prescribed Burn,Prescribed Burn,Prescribed Burn,30695
26122,73649,2013-05-05,2013-05-06,Prescribed Burn,Prescribed Burn,Prescribed Burn,30696
26123,73650,2013-03-28,2013-04-08,Prescribed Burn,Prescribed Burn,Prescribed Burn,30697
26124,73651,2013-09-03,2013-09-10,Prescribed Burn,Prescribed Burn,Prescribed Burn,30698
26125,73652,2014-03-07,2014-03-14,Prescribed Burn,Prescribed Burn,Prescribed Burn,30699
26126,73653,2014-12-08,2015-05-02,Prescribed Burn,Prescribed Burn,Prescribed Burn,30700
26127,73654,2014-10-01,2014-12-19,Prescribed Burn,Prescribed Burn,Prescribed Burn,30701
26128,73655,2014-04-24,2014-04-30,Prescribed Burn,Prescribed Burn,Prescribed Burn,30702
26129,73656,2014-10-20,2014-10-22,Prescribed Burn,Prescribed Burn,Prescribed Burn,30703
26130,73657,2014-12-11,2014-12-11,Prescribed Burn,Prescribed Burn,Prescribed Burn,30704
26131,73658,2014-10-01,2015-04-17,Prescribed Burn,Prescribed Burn,Prescribed Burn,30705
26132,73659,2014-10-23,2014-10-30,Prescribed Burn,Prescribed Burn,Prescribed Burn,30706
26133,73660,2014-09-03,2014-09-10,Prescribed Burn,Prescribed Burn,Prescribed Burn,30707
26134,73661,2014-02-04,2014-02-06,Prescribed Burn,Prescribed Burn,Prescribed Burn,30708
26135,73662,2014-04-22,2014-04-25,Prescribed Burn,Prescribed Burn,Prescribed Burn,30709
26136,73663,2014-03-06,2014-03-07,Prescribed Burn,Prescribed Burn,Prescribed Burn,30710
26137,73664,2014-12-05,2014-12-06,Prescribed Burn,Prescribed Burn,Prescribed Burn,30711
26138,73665,2015-07-29,2015-10-03,Prescribed Burn,Prescribed Burn,Prescribed Burn,30712
26139,73666,2015-10-01,2015-10-03,Prescribed Burn,Prescribed Burn,Prescribed Burn,30713
26140,73667,2015-03-31,2015-04-02,Prescribed Burn,Prescribed Burn,Prescribed Burn,30714
26141,73668,2015-10-29,2016-11-16,Prescribed Burn,Prescribed Burn,Prescribed Burn,30715
26142,73669,2015-04-30,2015-05-09,Prescribed Burn,Prescribed Burn,Prescribed Burn,30716
26143,73670,2015-03-12,2015-03-30,Prescribed Burn,Prescribed Burn,Prescribed Burn,30717
26144,73671,2016-02-24,2016-03-24,Prescribed Burn,Prescribed Burn,Prescribed Burn,30718
26145,73672,2016-04-13,2016-05-18,Prescribed Burn,Prescribed Burn,Prescribed Burn,30719
26146,73673,2016-03-02,2016-03-03,Prescribed Burn,Prescribed Burn,Prescribed Burn,30720
26147,73674,2016-07-28,2016-07-28,Prescribed Burn,Prescribed Burn,Prescribed Burn,30721
26148,73675,2016-03-03,2016-03-04,Prescribed Burn,Prescribed Burn,Prescribed Burn,30722
26149,73676,2016-09-06,2016-09-10,Prescribed Burn,Prescribed Burn,Prescribed Burn,30723
26150,73677,2016-05-05,2016-05-06,Prescribed Burn,Prescribed Burn,Prescribed Burn,30724
26151,73678,2016-02-23,2016-03-01,Prescribed Burn,Prescribed Burn,Prescribed Burn,30725
26152,73679,2016-03-15,2016-03-16,Prescribed Burn,Prescribed Burn,Prescribed Burn,30726
26153,73680,2016-02-25,2016-11-04,Prescribed Burn,Prescribed Burn,Prescribed Burn,30727
26154,73681,2016-04-28,2016-04-28,Prescribed Burn,Prescribed Burn,Prescribed Burn,30728
26155,73682,2017-03-09,2017-01-01,Prescribed Burn,Prescribed Burn,Prescribed Burn,30729
26156,73683,2017-04-13,2017-05-15,Prescribed Burn,Prescribed Burn,Prescribed Burn,30730
26157,73684,2017-04-03,2017-05-05,Prescribed Burn,Prescribed Burn,Prescribed Burn,30731
26158,73685,2017-04-24,2017-04-25,Prescribed Burn,Prescribed Burn,Prescribed Burn,30732
26159,73686,2017-10-11,2017-10-25,Prescribed Burn,Prescribed Burn,Prescribed Burn,30733
26160,73687,2017-11-10,2017-11-17,Prescribed Burn,Prescribed Burn,Prescribed Burn,30734
26161,73688,2017-03-15,2017-03-16,Prescribed Burn,Prescribed Burn,Prescribed Burn,30735
26162,73689,2017-06-06,2017-06-06,Prescribed Burn,Prescribed Burn,Prescribed Burn,30736
26163,73690,2017-10-01,2018-06-01,Prescribed Burn,Prescribed Burn,Prescribed Burn,30737
26164,73691,2017-04-19,2017-04-24,Prescribed Burn,Prescribed Burn,Prescribed Burn,30738
26165,73692,2017-05-04,2017-05-11,Prescribed Burn,Prescribed Burn,Prescribed Burn,30739
26166,73693,2017-11-01,2018-02-22,Prescribed Burn,Prescribed Burn,Prescribed Burn,30740
26167,73694,2017-03-09,2017-03-10,Prescribed Burn,Prescribed Burn,Prescribed Burn,30741
26168,73695,2017-12-05,2017-12-07,Prescribed Burn,Prescribed Burn,Prescribed Burn,30742
26169,73696,2018-08-02,2018-08-03,Prescribed Burn,Prescribed Burn,Prescribed Burn,30743
26170,73697,2018-04-09,2018-04-11,Prescribed Burn,Prescribed Burn,Prescribed Burn,30744
26171,73698,2018-03-08,2018-09-01,Prescribed Burn,Prescribed Burn,Prescribed Burn,30745
26172,73699,2018-10-24,2019-04-26,Prescribed Burn,Prescribed Burn,Prescribed Burn,30746
26173,73700,2018-10-12,2019-03-21,Prescribed Burn,Prescribed Burn,Prescribed Burn,30747
26174,73701,2018-06-06,2018-08-28,Prescribed Burn,Prescribed Burn,Prescribed Burn,30748
26175,73702,2018-08-15,2018-08-16,Prescribed Burn,Prescribed Burn,Prescribed Burn,30749
26176,73703,2018-04-25,2018-04-29,Prescribed Burn,Prescribed Burn,Prescribed Burn,30750
26177,73704,2018-11-27,2018-11-29,Prescribed Burn,Prescribed Burn,Prescribed Burn,30751
26178,73705,2018-10-23,2018-10-24,Prescribed Burn,Prescribed Burn,Prescribed Burn,30752
26179,73706,2018-11-01,2018-11-02,Prescribed Burn,Prescribed Burn,Prescribed Burn,30753
26180,73707,2018-10-01,2019-05-07,Prescribed Burn,Prescribed Burn,Prescribed Burn,30754
26181,73708,2018-03-15,2018-03-16,Prescribed Burn,Prescribed Burn,Prescribed Burn,30755
26182,73709,2019-05-30,2019-07-01,Prescribed Burn,Prescribed Burn,Prescribed Burn,30756
26183,73710,2019-10-29,2019-11-06,Prescribed Burn,Prescribed Burn,Prescribed Burn,30757
26184,73711,2019-12-16,2019-12-18,Prescribed Burn,Prescribed Burn,Prescribed Burn,30758
26185,73712,2019-10-01,2019-10-05,Prescribed Burn,Prescribed Burn,Prescribed Burn,30759
26186,73713,2019-09-21,2019-09-23,Prescribed Burn,Prescribed Burn,Prescribed Burn,30760
26187,73714,2019-10-02,2019-11-01,Prescribed Burn,Prescribed Burn,Prescribed Burn,30761
26188,73715,2019-10-14,2019-10-22,Prescribed Burn,Prescribed Burn,Prescribed Burn,30762
26189,73716,2019-10-10,2019-10-14,Prescribed Burn,Prescribed Burn,Prescribed Burn,30763
26190,73717,2019-05-15,2019-05-16,Prescribed Burn,Prescribed Burn,Prescribed Burn,30764
26191,73718,2019-03-05,2019-03-06,Prescribed Burn,Prescribed Burn,Prescribed Burn,30765
26192,73719,2020-07-24,2020-08-20,Prescribed Burn,Prescribed Burn,Prescribed Burn,30766
26193,73720,2020-04-20,2020-05-12,Prescribed Burn,Prescribed Burn,Prescribed Burn,30767
26194,73721,2020-04-30,2020-05-11,Prescribed Burn,Prescribed Burn,Prescribed Burn,30768
26195,73722,2020-11-04,2020-11-07,Prescribed Burn,Prescribed Burn,Prescribed Burn,30769
26196,73723,2020-04-11,2020-04-11,Prescribed Burn,Prescribed Burn,Prescribed Burn,30770
26197,73724,2020-03-03,2020-03-03,Prescribed Burn,Prescribed Burn,Prescribed Burn,30771
26198,73725,1951-12-25,1952-01-01,Prescribed Burn,Prescribed Burn,Prescribed Burn,30772
26199,73726,1952-12-25,1953-01-01,Prescribed Burn,Prescribed Burn,Prescribed Burn,30773
26200,73727,1953-12-25,1954-01-01,Prescribed Burn,Prescribed Burn,Prescribed Burn,30774
26201,73728,1959-01-01,1959-01-01,Prescribed Burn,Prescribed Burn,Prescribed Burn,30775
26202,73729,1960-12-25,1961-01-01,Prescribed Burn,Prescribed Burn,Prescribed Burn,30776
26203,73730,1960-12-25,1961-01-01,Prescribed Burn,Prescribed Burn,Prescribed Burn,30777
26205,73732,1961-12-25,1962-01-01,Prescribed Burn,Prescribed Burn,Prescribed Burn,30779
26206,73733,1962-10-03,1962-10-10,Prescribed Burn,Prescribed Burn,Prescribed Burn,30780
26207,73734,1963-12-25,1964-01-01,Prescribed Burn,Prescribed Burn,Prescribed Burn,30781
26208,73735,1963-12-25,1964-01-01,Prescribed Burn,Prescribed Burn,Prescribed Burn,30782
26209,73736,1965-12-25,1966-01-01,Prescribed Burn,Prescribed Burn,Prescribed Burn,30783
26210,73737,1967-12-25,1968-01-01,Prescribed Burn,Prescribed Burn,Prescribed Burn,30784
26211,73738,1968-12-25,1969-01-01,Prescribed Burn,Prescribed Burn,Prescribed Burn,30785
26212,73739,1972-12-25,1973-01-01,Prescribed Burn,Prescribed Burn,Prescribed Burn,30786
26213,73740,1974-01-01,1974-01-01,Prescribed Burn,Prescribed Burn,Prescribed Burn,30787
26214,73741,1974-12-25,1975-01-01,Prescribed Burn,Prescribed Burn,Prescribed Burn,30788
26215,73742,1976-01-01,1976-01-01,Prescribed Burn,Prescribed Burn,Prescribed Burn,30789
26216,73743,1980-01-01,1980-01-01,Prescribed Burn,Prescribed Burn,Prescribed Burn,30790
26217,73744,1982-12-25,1983-01-01,Prescribed Burn,Prescribed Burn,Prescribed Burn,30791
26218,73745,1982-12-25,1983-01-01,Prescribed Burn,Prescribed Burn,Prescribed Burn,30792
26219,73746,1984-01-01,1984-01-01,Prescribed Burn,Prescribed Burn,Prescribed Burn,30793
26220,73747,1983-12-25,1984-01-01,Prescribed Burn,Prescribed Burn,Prescribed Burn,30794
26221,73748,1984-01-01,1984-01-01,Prescribed Burn,Prescribed Burn,Prescribed Burn,30795
26222,73749,1984-12-25,1985-01-01,Prescribed Burn,Prescribed Burn,Prescribed Burn,30796
26224,73751,1985-12-25,1986-01-01,Prescribed Burn,Prescribed Burn,Prescribed Burn,30798
26225,73752,1985-12-25,1986-01-01,Prescribed Burn,Prescribed Burn,Prescribed Burn,30799
26226,73753,1986-12-25,1987-01-01,Prescribed Burn,Prescribed Burn,Prescribed Burn,30800
26227,73754,1987-01-01,1987-01-01,Prescribed Burn,Prescribed Burn,Prescribed Burn,30801
26228,73755,1989-01-01,1989-01-01,Prescribed Burn,Prescribed Burn,Prescribed Burn,30802
26229,73756,1989-01-01,1989-01-01,Prescribed Burn,Prescribed Burn,Prescribed Burn,30803
26230,73757,1990-03-13,1990-11-15,Prescribed Burn,Prescribed Burn,Prescribed Burn,30804
26231,73758,1991-08-25,1991-09-01,Prescribed Burn,Prescribed Burn,Prescribed Burn,30805
26232,73759,1991-12-25,1992-01-01,Prescribed Burn,Prescribed Burn,Prescribed Burn,30806
26234,73761,1992-12-25,1993-01-01,Prescribed Burn,Prescribed Burn,Prescribed Burn,30808
26235,73762,1993-10-01,1994-09-30,Prescribed Burn,Prescribed Burn,Prescribed Burn,30809
26238,73765,1994-12-25,1995-01-01,Prescribed Burn,Prescribed Burn,Prescribed Burn,30812
26240,73767,1998-09-23,1998-09-30,Prescribed Burn,Prescribed Burn,Prescribed Burn,30814
26241,73768,1998-06-01,1999-09-15,Prescribed Burn,Prescribed Burn,Prescribed Burn,30815
26242,73769,1998-09-23,1998-09-30,Prescribed Burn,Prescribed Burn,Prescribed Burn,30816
26244,73771,1999-01-01,1999-01-01,Prescribed Burn,Prescribed Burn,Prescribed Burn,30818
26245,73772,1998-12-25,1999-01-01,Prescribed Burn,Prescribed Burn,Prescribed Burn,30819
26246,73773,1999-01-01,1999-01-01,Prescribed Burn,Prescribed Burn,Prescribed Burn,30820
26248,73775,1999-12-25,2000-01-01,Prescribed Burn,Prescribed Burn,Prescribed Burn,30822
26249,73776,2000-10-01,2001-09-30,Prescribed Burn,Prescribed Burn,Prescribed Burn,30823
26251,73778,2001-12-25,2002-01-01,Prescribed Burn,Prescribed Burn,Prescribed Burn,30825
26252,73779,2002-01-01,2002-01-01,Prescribed Burn,Prescribed Burn,Prescribed Burn,30826
26253,73780,2002-05-10,2002-05-17,Prescribed Burn,Prescribed Burn,Prescribed Burn,30827
26255,73782,2003-04-08,2003-04-15,Prescribed Burn,Prescribed Burn,Prescribed Burn,30829
26257,73784,2003-10-08,2003-10-15,Prescribed Burn,Prescribed Burn,Prescribed Burn,30831
26258,73785,2003-12-25,2004-01-01,Prescribed Burn,Prescribed Burn,Prescribed Burn,30832
26259,73786,2004-01-01,2007-01-01,Prescribed Burn,Prescribed Burn,Prescribed Burn,30833
26261,73788,2004-09-24,2004-10-01,Prescribed Burn,Prescribed Burn,Prescribed Burn,30835
26262,73789,2003-12-25,2004-01-01,Prescribed Burn,Prescribed Burn,Prescribed Burn,30836
26263,73790,2003-12-25,2004-01-01,Prescribed Burn,Prescribed Burn,Prescribed Burn,30837
26265,73792,2005-03-08,2005-03-15,Prescribed Burn,Prescribed Burn,Prescribed Burn,30839
26266,73793,2006-05-01,2006-09-30,Prescribed Burn,Prescribed Burn,Prescribed Burn,30840
26267,73794,2006-01-01,2006-01-01,Prescribed Burn,Prescribed Burn,Prescribed Burn,30841
26268,73795,2006-10-07,2006-10-14,Prescribed Burn,Prescribed Burn,Prescribed Burn,30842
26269,73796,2007-03-09,2007-03-16,Prescribed Burn,Prescribed Burn,Prescribed Burn,30843
26270,73797,2007-10-22,2007-10-29,Prescribed Burn,Prescribed Burn,Prescribed Burn,30844
26271,73798,2007-10-18,2007-10-25,Prescribed Burn,Prescribed Burn,Prescribed Burn,30845
26272,73799,2007-10-29,2007-10-30,Prescribed Burn,Prescribed Burn,Prescribed Burn,30846
26273,73800,2008-10-01,2009-09-30,Prescribed Burn,Prescribed Burn,Prescribed Burn,30847
26274,73801,2007-12-25,2008-01-01,Prescribed Burn,Prescribed Burn,Prescribed Burn,30848
26275,73802,2008-04-05,2008-04-12,Prescribed Burn,Prescribed Burn,Prescribed Burn,30849
26276,73803,2008-06-24,2008-07-01,Prescribed Burn,Prescribed Burn,Prescribed Burn,30850
26277,73804,2008-01-01,2008-01-01,Prescribed Burn,Prescribed Burn,Prescribed Burn,30851
26278,73805,2009-06-25,2009-06-25,Prescribed Burn,Prescribed Burn,Prescribed Burn,30852
26279,73806,2009-11-03,2009-11-10,Prescribed Burn,Prescribed Burn,Prescribed Burn,30853
26280,73807,2009-11-03,2009-11-10,Prescribed Burn,Prescribed Burn,Prescribed Burn,30854
26281,73808,2009-11-03,2009-11-10,Prescribed Burn,Prescribed Burn,Prescribed Burn,30855
26282,73809,2009-05-07,2009-06-07,Prescribed Burn,Prescribed Burn,Prescribed Burn,30856
26283,73810,2009-11-07,2009-11-14,Prescribed Burn,Prescribed Burn,Prescribed Burn,30857
26284,73811,2009-11-03,2009-11-10,Prescribed Burn,Prescribed Burn,Prescribed Burn,30858
26285,73812,2009-11-03,2009-11-10,Prescribed Burn,Prescribed Burn,Prescribed Burn,30859
26287,73814,2009-11-03,2009-11-10,Prescribed Burn,Prescribed Burn,Prescribed Burn,30861
26288,73815,2009-11-05,2010-04-22,Prescribed Burn,Prescribed Burn,Prescribed Burn,30862
26289,73816,2010-12-07,2011-05-06,Prescribed Burn,Prescribed Burn,Prescribed Burn,30863
26290,73817,2010-03-01,2010-03-08,Prescribed Burn,Prescribed Burn,Prescribed Burn,30864
26291,73818,2009-12-25,2010-01-01,Prescribed Burn,Prescribed Burn,Prescribed Burn,30865
26292,73819,2010-12-01,2010-12-17,Prescribed Burn,Prescribed Burn,Prescribed Burn,30866
26293,73820,2010-10-28,2010-11-15,Prescribed Burn,Prescribed Burn,Prescribed Burn,30867
26294,73821,2010-11-08,2011-03-31,Prescribed Burn,Prescribed Burn,Prescribed Burn,30868
26295,73822,2010-10-25,2010-11-01,Prescribed Burn,Prescribed Burn,Prescribed Burn,30869
26296,73823,2010-09-24,2010-10-01,Prescribed Burn,Prescribed Burn,Prescribed Burn,30870
26297,73824,2010-10-25,2010-11-01,Prescribed Burn,Prescribed Burn,Prescribed Burn,30871
26298,73825,2011-01-01,2011-01-01,Prescribed Burn,Prescribed Burn,Prescribed Burn,30872
26299,73826,2011-03-04,2011-03-11,Prescribed Burn,Prescribed Burn,Prescribed Burn,30873
26300,73827,2011-02-25,2011-03-30,Prescribed Burn,Prescribed Burn,Prescribed Burn,30874
26301,73828,2011-10-03,2011-10-03,Prescribed Burn,Prescribed Burn,Prescribed Burn,30875
26302,73829,2011-06-12,2011-06-19,Prescribed Burn,Prescribed Burn,Prescribed Burn,30876
26303,73830,2010-12-25,2011-01-01,Prescribed Burn,Prescribed Burn,Prescribed Burn,30877
26304,73831,2011-10-25,2011-11-01,Prescribed Burn,Prescribed Burn,Prescribed Burn,30878
26305,73832,2010-12-25,2011-01-01,Prescribed Burn,Prescribed Burn,Prescribed Burn,30879
26306,73833,2011-09-24,2011-10-01,Prescribed Burn,Prescribed Burn,Prescribed Burn,30880
26307,73834,2011-09-24,2011-10-01,Prescribed Burn,Prescribed Burn,Prescribed Burn,30881
26308,73835,2011-06-30,2011-07-07,Prescribed Burn,Prescribed Burn,Prescribed Burn,30882
26310,73837,2012-03-11,2013-03-12,Prescribed Burn,Prescribed Burn,Prescribed Burn,30884
26311,73838,2012-03-01,2012-03-08,Prescribed Burn,Prescribed Burn,Prescribed Burn,30885
26312,73839,2012-09-14,2012-09-21,Prescribed Burn,Prescribed Burn,Prescribed Burn,30886
26313,73840,2012-03-25,2012-04-01,Prescribed Burn,Prescribed Burn,Prescribed Burn,30887
26314,73841,2012-07-01,2013-10-30,Prescribed Burn,Prescribed Burn,Prescribed Burn,30888
26315,73842,2012-10-25,2012-11-01,Prescribed Burn,Prescribed Burn,Prescribed Burn,30889
26316,73843,2012-12-10,2013-02-28,Prescribed Burn,Prescribed Burn,Prescribed Burn,30890
26317,73844,2012-01-18,2012-04-17,Prescribed Burn,Prescribed Burn,Prescribed Burn,30891
26318,73845,2013-03-18,2013-03-19,Prescribed Burn,Prescribed Burn,Prescribed Burn,30892
26319,73846,2013-10-01,2014-05-30,Prescribed Burn,Prescribed Burn,Prescribed Burn,30893
26320,73847,2013-06-26,2013-06-26,Prescribed Burn,Prescribed Burn,Prescribed Burn,30894
26321,73848,2013-01-25,2013-02-01,Prescribed Burn,Prescribed Burn,Prescribed Burn,30895
26323,73850,2014-02-01,2015-04-01,Prescribed Burn,Prescribed Burn,Prescribed Burn,30897
26324,73851,2014-10-01,2015-09-30,Prescribed Burn,Prescribed Burn,Prescribed Burn,30898
26325,73852,2014-04-09,2014-04-14,Prescribed Burn,Prescribed Burn,Prescribed Burn,30899
26326,73853,2015-09-28,2015-09-29,Prescribed Burn,Prescribed Burn,Prescribed Burn,30900
26327,73854,2015-02-27,2015-03-06,Prescribed Burn,Prescribed Burn,Prescribed Burn,30901
26328,73855,2014-12-25,2015-01-01,Prescribed Burn,Prescribed Burn,Prescribed Burn,30902
26329,73856,2015-10-25,2015-11-01,Prescribed Burn,Prescribed Burn,Prescribed Burn,30903
26330,73857,2015-10-25,2015-11-01,Prescribed Burn,Prescribed Burn,Prescribed Burn,30904
26331,73858,2014-12-25,2015-01-01,Prescribed Burn,Prescribed Burn,Prescribed Burn,30905
26332,73859,2015-10-25,2015-11-01,Prescribed Burn,Prescribed Burn,Prescribed Burn,30906
26333,73860,2015-10-10,2015-08-11,Prescribed Burn,Prescribed Burn,Prescribed Burn,30907
26334,73861,2015-03-25,2015-04-01,Prescribed Burn,Prescribed Burn,Prescribed Burn,30908
26336,73863,2015-11-08,2015-11-10,Prescribed Burn,Prescribed Burn,Prescribed Burn,30910
26337,73864,2014-12-25,2015-01-01,Prescribed Burn,Prescribed Burn,Prescribed Burn,30911
26338,73865,2015-10-25,2015-11-01,Prescribed Burn,Prescribed Burn,Prescribed Burn,30912
26339,73866,2014-12-25,2015-01-01,Prescribed Burn,Prescribed Burn,Prescribed Burn,30913
26340,73867,2016-02-14,2016-02-18,Prescribed Burn,Prescribed Burn,Prescribed Burn,30914
26341,73868,2016-02-19,2016-02-26,Prescribed Burn,Prescribed Burn,Prescribed Burn,30915
26342,73869,2016-03-01,2016-03-03,Prescribed Burn,Prescribed Burn,Prescribed Burn,30916
26343,73870,2016-10-01,2017-09-30,Prescribed Burn,Prescribed Burn,Prescribed Burn,30917
26344,73871,2016-10-01,2017-09-30,Prescribed Burn,Prescribed Burn,Prescribed Burn,30918
26345,73872,2016-10-01,2017-09-30,Prescribed Burn,Prescribed Burn,Prescribed Burn,30919
26346,73873,2017-03-02,2017-03-03,Prescribed Burn,Prescribed Burn,Prescribed Burn,30920
26347,73874,2017-03-07,2019-05-14,Prescribed Burn,Prescribed Burn,Prescribed Burn,30921
26348,73875,2017-10-25,2017-11-01,Prescribed Burn,Prescribed Burn,Prescribed Burn,30922
26349,73876,2017-10-25,2017-11-01,Prescribed Burn,Prescribed Burn,Prescribed Burn,30923
26350,73877,2017-04-11,2017-04-11,Prescribed Burn,Prescribed Burn,Prescribed Burn,30924
26351,73878,2017-11-08,2017-11-15,Prescribed Burn,Prescribed Burn,Prescribed Burn,30925
26352,73879,2018-03-06,2018-03-07,Prescribed Burn,Prescribed Burn,Prescribed Burn,30926
26353,73880,2018-10-01,2019-09-24,Prescribed Burn,Prescribed Burn,Prescribed Burn,30927
26354,73881,2018-11-01,2019-03-29,Prescribed Burn,Prescribed Burn,Prescribed Burn,30928
26355,73882,2019-10-14,2019-10-21,Prescribed Burn,Prescribed Burn,Prescribed Burn,30929
26356,73883,2019-10-14,2019-10-21,Prescribed Burn,Prescribed Burn,Prescribed Burn,30930
26357,73884,2019-10-31,2019-11-07,Prescribed Burn,Prescribed Burn,Prescribed Burn,30931
26358,73885,2019-10-14,2019-10-21,Prescribed Burn,Prescribed Burn,Prescribed Burn,30932
26359,73886,2020-05-09,2020-05-16,Prescribed Burn,Prescribed Burn,Prescribed Burn,30933
26360,73887,2020-12-01,2020-12-08,Prescribed Burn,Prescribed Burn,Prescribed Burn,30934
26361,73888,2020-12-01,2020-12-08,Prescribed Burn,Prescribed Burn,Prescribed Burn,30935
26362,73889,2020-05-09,2020-05-16,Prescribed Burn,Prescribed Burn,Prescribed Burn,30936
26363,73890,2020-05-09,2020-05-16,Prescribed Burn,Prescribed Burn,Prescribed Burn,30937
26364,73891,2020-05-09,2020-05-16,Prescribed Burn,Prescribed Burn,Prescribed Burn,30938
